title,year,cast,director,rating,total_rating_count,genres
Harakiri,1962,"Akiji Kobayashi, Jo Azumi, Minoru Miyagi, Ichirō Nakatani, Shûichirô Narita",Masaki Kobayashi,4.69 out of 5,"150,861","History, Drama, Action"
12 Angry Men,1957,"Robert Webber, Ed Begley, John Savoca, Tom Gorman, John Fiedler",Sidney Lumet,4.63 out of 5,"941,491",Drama
Come and See,1985,"Jüri Lumiste, Anatoly Slivnikov, Igor Bezyaev, Aleksei Kravchenko, Aleksandr Solopov",Elem Klimov,4.63 out of 5,"325,830","War, Drama"
Seven Samurai,1954,"Gen Shimizu, Ichirō Chiba, Yasumasa Ônishi, Akira Yamada, Isao Yamagata",Akira Kurosawa,4.61 out of 5,"323,437","Drama, Action"
High and Low,1963,"Kenjirō Ishiyama, Yoshio Tsuchiya, Gen Shimizu, Kyōko Kagawa, Akira Nagoya",Akira Kurosawa,4.60 out of 5,"125,407","Mystery, Thriller, Crime, Drama"
The Human Condition III: A Soldier's Prayer,1961,"Tetsuo Mizoi, Hideo Fukuhara, Fujio Suga, Michiyo Aratama, Miyoko Nakamura",Masaki Kobayashi,4.60 out of 5,"19,683","History, Drama, War"
The Godfather Part II,1974,"Paul B. Brown, Bruno Kirby, Leopoldo Trieste, Troy Donahue, John Aprea",Francis Ford Coppola,4.59 out of 5,"951,882","Crime, Drama"
The Shawshank Redemption,1994,"Mark Rolston, John D. Craig, Brian Brophy, Jeffrey DeMunn, Gary Lee Davis",Frank Darabont,4.57 out of 5,"1,836,475","Crime, Drama"
Parasite,2019,"Shin Seung-min, Rosie Peralta, Lee Dong-yong, Jung Ji-so, Jung Hyeon-jun",Bong Joon Ho,4.55 out of 5,"3,814,203","Comedy, Thriller, Drama"
City of God,2002,"Leandro Dias Batista, Ricardo Rocha da Silva, Jonas Michel, Luiz Carlos Ribeiro Seixas, Adão Xalebaradã",Fernando Meirelles,4.54 out of 5,"760,212","Drama, Crime"
Yi Yi,2000,"Leon Dai Li-Jen, Yu-Lung Yin, Katherine Lee, Szu-Chia Huang, Ray Fan",Edward Yang,4.54 out of 5,"107,632",Drama
The Godfather,1972,"Richard Conte, Filomena Spagnuolo, John Martino, John Marley, Jeannie Linero",Francis Ford Coppola,4.54 out of 5,"1,827,353","Crime, Drama"
Schindler's List,1993,"Zuzanna Lipiec, Maria Peszek, Jonathan Sagall, Katarzyna Śmiechowicz, Tadeusz Huk",Steven Spielberg,4.53 out of 5,"996,015","History, Drama, War"
The Human Condition I: No Greater Love,1959,"Akio Isono, Eitarō Ozawa, Ineko Arima, Ryuji Kita, Shinsuke Ashida",Masaki Kobayashi,4.52 out of 5,"26,752","War, Drama, History"
The Lord of the Rings: The Return of the King,2003,"Joel Tobeck, Rick Porras, Billy Boyd, John Bach, Peter Tait",Peter Jackson,4.52 out of 5,"1,517,266","Fantasy, Adventure, Action"
Ikiru,1952,"Shigeo Katō, Sōjirō Motoki, Kumeko Urabe, Takeo Nagashima, Jun'ichirō Mukai",Akira Kurosawa,4.52 out of 5,"136,979",Drama
Ran,1985,"Tetsuo Yamashita, Yoshiko Miyazaki, Susumu Terajima, Masaaki Sasaki, Norio Matsui",Akira Kurosawa,4.51 out of 5,"166,682","Drama, History, Action"
La Haine,1995,"Benoît Magimel, Arash Mansour, Eric Pujol, Philippe Nahon, Karim Belkhadra",Mathieu Kassovitz,4.51 out of 5,"658,092",Drama
A Brighter Summer Day,1991,"Chiu-Yun Lu, Stephanie Lai, Chung-Chang Tuan, Ming-Che Lee, Yen Hung-ya",Edward Yang,4.50 out of 5,"60,654","Drama, Crime, Romance"
"The Good, the Bad and the Ugly",1966,"Amerigo Castrighella, Saturno Cerra, Silvana Bacci, Lee Van Cleef, Antonio Casas",Sergio Leone,4.50 out of 5,"516,442",Western
Le Trou,1960,"Jean Luisi, André Bervil, Jean Keraudy, Paul Pavel, Philippe Dumat",Jacques Becker,4.48 out of 5,"36,149","Drama, Crime, Thriller"
Cinema Paradiso,1988,"Margherita Mignemi, Salvatore Cascio, Leopoldo Trieste, Enzo Cannavale, Agnese Nano",Giuseppe Tornatore,4.48 out of 5,"343,113","Drama, Romance"
The Dark Knight,2008,"Chris Petschler, Chin Han, Sam Derence, Jonathan Ryland, Laura Chernicky",Christopher Nolan,4.48 out of 5,"3,003,728","Action, Drama, Thriller, Crime"
Autumn Sonata,1978,"Knut Wigert, Ingrid Bergman, Liv Ullmann, Erland Josephson, Georg Løkkeberg",Ingmar Bergman,4.48 out of 5,"99,854",Drama
GoodFellas,1990,"Gina Mastrogiacomo, Vito Antuofermo, Mark Jacobs, Andrew Scudiero, Gina Mattia",Martin Scorsese,4.47 out of 5,"1,465,680","Drama, Crime"
Grave of the Fireflies,1988,"Akemi Yamaguchi, Teruhisa Harita, Kiyoshi Yanagawa, Kozo Hashida, Tsutomu Tatsumi",Isao Takahata,4.47 out of 5,"713,634","War, Drama, Animation"
Neon Genesis Evangelion: The End of Evangelion,1997,"Motomu Kiyokawa, Kotono Mitsuishi, Megumi Hayashibara, Yuko Miyamura, Fumihiko Tachiki","Hideaki Anno, Kazuya Tsurumaki",4.47 out of 5,"371,356","Science Fiction, Drama, Action, Animation"
Woman in the Dunes,1964,"Hiroko Itō, Eiji Okada, Kyôko Kishida, Kōji Mitsui",Hiroshi Teshigahara,4.46 out of 5,"52,148","Thriller, Drama"
There Will Be Blood,2007,"Barry Del Sherman, John W. Watts, Ciarán Hinds, Randall Carver, Louise Gregg",Paul Thomas Anderson,4.46 out of 5,"886,985",Drama
Spirited Away,2001,"Keiko Tsukamoto, Katsutomo Shîbara, Makiko Oku, Shigeru Wakita, Takashi Naito",Hayao Miyazaki,4.45 out of 5,"2,523,575","Family, Fantasy, Animation"
Paths of Glory,1957,"Emile Meyer, Kirk Douglas, Christiane Kubrick, Harold Benedict, Fred Bell",Stanley Kubrick,4.45 out of 5,"229,090","War, History, Drama"
The Human Condition II: Road to Eternity,1959,"Michiyo Aratama, Akiji Kobayashi, Kan Yanagiya, Michirō Minami, Jun Tatara",Masaki Kobayashi,4.44 out of 5,"19,893","History, Drama, War"
Apocalypse Now,1979,"G. D. Spradlin, Charles Robinson, Evan A. Lottman, Dennis Hopper, Scott Glenn",Francis Ford Coppola,4.44 out of 5,"725,746","Drama, War"
Andrei Rublev,1966,"Bolot Beyshenaliev, Nelli Snegina, Nikolay Sibeikin, Igor Donskoy, G. Pokorskiy",Andrei Tarkovsky,4.44 out of 5,"75,076","Drama, History"
The Apartment,1960,"David Lewis, Hope Holiday, Johnny Seven, Herschel Graham, Monty O'Grady",Billy Wilder,4.44 out of 5,"257,367","Drama, Romance, Comedy"
Tokyo Story,1953,"Hisao Toake, Kyōko Kagawa, Chishū Ryū, Shozo Suzuki, Shirō Ōsaka",Yasujirō Ozu,4.44 out of 5,"117,527",Drama
Sunset Boulevard,1950,"Creighton Hale, Lee Miller, E. Mason Hopper, Roy Thompson, H.B. Warner",Billy Wilder,4.44 out of 5,"266,261",Drama
The Passion of Joan of Arc,1928,"Paul Delauzac, Eugène Silvain, Jacques Arnna, Gilbert Dacheux, Marie Lacroix",Carl Theodor Dreyer,4.43 out of 5,"110,415","History, Drama"
The Cranes Are Flying,1957,"Ivan Zalesskiy, Leonid Alekseyev, Lyubov Studneva, Aleksey Batalov, Irina Preis",Mikhail Kalatozov,4.43 out of 5,"43,927","Romance, War, Drama"
Portrait of a Lady on Fire,2019,"Adèle Haenel, Luàna Bajrami, Christel Baras, Valeria Golino, Noémie Merlant",Céline Sciamma,4.43 out of 5,"828,214","History, Drama, Romance"
Incendies,2010,"Yousef Shweihat, Baraka Rahmani, Asriah Nijres, Abdelghafour Elaaziz, Ahmad Massad",Denis Villeneuve,4.42 out of 5,"348,779","Mystery, War, Drama"
Whiplash,2014,"Adrian Burks, Henry G. Sanders, Jocelyn Ayanna, Tyler Kimball, Nate Lang",Damien Chazelle,4.42 out of 5,"2,977,387","Drama, Music"
Mishima: A Life in Four Chapters,1985,"Hiroshi Mikami, Go Riju, Kojiro Oka, Hideo Fukuhara, Setsuko Karasuma",Paul Schrader,4.42 out of 5,"84,522",Drama
Spider-Man: Across the Spider-Verse,2023,"Mike Rianda, Libby Thomas Dickey, Ashley London, Angelo Sekou Kouyate, Jason Linere-White","Joaquim Dos Santos, Kemp Powers, Justin K. Thompson",4.42 out of 5,"2,493,081","Animation, Adventure, Science Fiction, Action"
Fanny and Alexander,1982,"Mona Andersson, Nils Brandt, Jarl Kulle, Bertil Guve, Christina Schollin",Ingmar Bergman,4.42 out of 5,"59,458","Mystery, Drama, Fantasy"
Close-Up,1990,"Mohsen Makhmalbaf, Abolfazl Ahankhah, Mohammad Ali Barrati, Abbas Kiarostami, Nayer Mohseni Zonoozi",Abbas Kiarostami,4.42 out of 5,"102,003","Drama, Crime"
Memories of Murder,2003,"Ryu Tae-ho, Lee Dong-yong, Kim Roi-ha, Yoon Ga-hyun, Lee Da-il",Bong Joon Ho,4.42 out of 5,"604,216","Thriller, Drama, Crime"
The Battle of Algiers,1966,"Fatiha Djoudi, Noureddine Brahimi, Mohamed Ben Kassen, Larbi Zekkal, Si Mohamed Baghdadi",Gillo Pontecorvo,4.42 out of 5,"84,516","War, History, Drama"
The Lord of the Rings: The Two Towers,2002,"Dra McKay, John Bach, Joseph Mika-Hunt, Francis Mountjoy, Bruce Allpress",Peter Jackson,4.41 out of 5,"1,478,902","Fantasy, Adventure, Action"
It's a Wonderful Life,1946,"Todd Karns, Stanley Andrews, J. Farrell MacDonald, Tom Chatterton, Harry Holman",Frank Capra,4.41 out of 5,"528,158","Family, Drama, Fantasy"
Stalker,1979,"Faime Jurno, Vladimir Zamanskiy, Aleksandr Kaydanovskiy, Nikolay Grinko, Raimo Rendi",Andrei Tarkovsky,4.41 out of 5,"278,952","Drama, Science Fiction"
Interstellar,2014,"Liam Dickinson, David Gyasi, Griffen Fraser, Alexander Michael Helisek, Josh Stewart",Christopher Nolan,4.41 out of 5,"3,716,906","Science Fiction, Drama, Adventure"
The Ascent,1977,"Igor Bezyaev, Viktoriya Goldentul, Anatoli Chebotaryov, Gennadi Nenashev, Boris Plotnikov",Larisa Shepitko,4.41 out of 5,"35,793","Drama, War"
Sansho the Bailiff,1954,"Goro Nakanishi, Ryōnosuke Azuma, Hachiro Okuni, Yoshiaki Hanayagi, Kyōko Kagawa",Kenji Mizoguchi,4.41 out of 5,"31,949",Drama
Spider-Man: Into the Spider-Verse,2018,"David Applebee, Melissa Sturm, Lex Lang, Holly Walker, Stan Lee","Peter Ramsey, Bob Persichetti, Rodney Rothman",4.41 out of 5,"3,187,423","Adventure, Animation, Science Fiction, Action"
The Empire Strikes Back,1980,"Marjorie Eaton, Jeremy Bulloch, Peter Mayhew, Mark Hamill, Mac McDonald",Irvin Kershner,4.40 out of 5,"1,545,223","Action, Science Fiction, Adventure"
I Am Cuba,1964,"Salvador Wood, Luisa María Jiménez Rodríquez, Pepe Ramírez, Manuel J. Mora, Mario González Broche",Mikhail Kalatozov,4.40 out of 5,"31,193",Drama
The Handmaiden,2016,"Katsuhiro Nagano, Kim Min-hee, Alexander Scarborough, Kim In-woo, Lee Yong-nyeo",Park Chan-wook,4.40 out of 5,"579,983","Thriller, Romance, Drama"
Dune: Part Two,2024,"Alan Mehdizadeh, Gábor Szemán, Abdellah Echahbi, Tara Breathnach, Billy Clements",Denis Villeneuve,4.40 out of 5,"2,331,022","Adventure, Science Fiction"
The Red Shoes,1948,"Eric Berry, Jerry Verno, Jack Carter, Patrick Troughton, Austin Trevor","Emeric Pressburger, Michael Powell",4.40 out of 5,"119,505","Drama, Romance"
Do the Right Thing,1989,"John Savage, Ruby Dee, Sixto Ramos, Miguel Sandoval, Ginny Yang",Spike Lee,4.40 out of 5,"391,910",Drama
Persona,1966,"Margaretha Krook, Liv Ullmann, Bibi Andersson, Gunnar Björnstrand, Jörgen Lindström",Ingmar Bergman,4.40 out of 5,"324,887",Drama
A Woman Under the Influence,1974,"Katherine Cassavetes, Matthew Cassel, Frank Richards, Matthew Labyorteaux, Charles Horvath",John Cassavetes,4.40 out of 5,"107,389",Drama
Barry Lyndon,1975,"Peter Cellier, Ryan O'Neal, George Sewell, Anthony Herrick, Anthony Sharp",Stanley Kubrick,4.40 out of 5,"272,092","Drama, History, War, Romance"
The Pianist,2002,"Thomas Kretschmann, Rafał Mohr, Uwe Rathsam, Jacek Wolszczak, Jerzy Góralczyk",Roman Polanski,4.39 out of 5,"879,783","Drama, War"
Once Upon a Time in the West,1968,"Saturno Cerra, Woody Strode, Aldo Sambrell, Charles Bronson, Jason Robards",Sergio Leone,4.39 out of 5,"210,672","Drama, Western"
Perfect Blue,1997,"Kisho Taniyama, Junko Iwao, Osamu Hosoi, Soichiro Hoshi, Masashi Ebara",Satoshi Kon,4.39 out of 5,"771,410","Thriller, Animation, Horror"
In the Mood for Love,2000,"Joe Cheung, Kelly Lai Chen, Chan Man-Lei, Siu Ping-Lam, Rebecca Pan",Wong Kar-wai,4.39 out of 5,"658,424","Drama, Romance"
Nights of Cabiria,1957,"Mario Passante, Leo Catozzo, Sandro Moretti, Luciano Bonanni, Amedeo Nazzari",Federico Fellini,4.39 out of 5,"65,636",Drama
"Paris, Texas",1984,"Edward Fayton, Tom Farrell, Jeni Vici, Viva, Socorro Valdez",Wim Wenders,4.39 out of 5,"463,366",Drama
Nobody Knows,2004,"Yukiko Okamoto, Susumu Terajima, Kazuyoshi Kushida, YOU, Yuichi Kimura",Hirokazu Kore-eda,4.39 out of 5,"73,936",Drama
Princess Mononoke,1997,"Kaoru Kobayashi, Akihiro Miwa, Mitsuko Mori, Sumi Shimamoto, Makoto Satō",Hayao Miyazaki,4.38 out of 5,"1,132,573","Adventure, Fantasy, Animation"
Oldboy,2003,"Jang Chae-soo, Syd Lim, Yong-ih, Shin Bi-joon, Ji Dae-han",Park Chan-wook,4.38 out of 5,"1,033,707","Thriller, Mystery, Drama, Action"
Witness for the Prosecution,1957,"Torin Thatcher, Ruta Lee, Jeffrey Sayre, Marjorie Eaton, Don Ames",Billy Wilder,4.38 out of 5,"85,917","Mystery, Crime, Drama"
Eternity and a Day,1998,"Eleni Gerasimidou, Maria Saltiri, Aristotelis Aposkitis, Yiorgos Popof, Leonidas Vardaros",Theo Angelopoulos,4.38 out of 5,"34,403",Drama
The Lord of the Rings: The Fellowship of the Ring,2001,"Lance Fabian Kemp, Richard Maybery, Ray Henwood, Marton Csokas, Rachel Clentworth",Peter Jackson,4.38 out of 5,"1,962,074","Fantasy, Adventure, Action"
Lawrence of Arabia,1962,"Peter O'Toole, Peter Burton, John Robinson, Harry Fowler, José Ferrer",David Lean,4.38 out of 5,"243,235","Adventure, War, History"
Sherlock Jr.,1924,"Joe Keaton, Christine Francis, Betsy Ann Hisle, Steve Murphy, Buster Keaton",Buster Keaton,4.38 out of 5,"100,908","Action, Comedy, Mystery"
Love Exposure,2008,"Rie Nonaka, Mitsuru Kuramoto, Mitsuru Ôno, Ryosuke Nagata, Ryûshi Izumi",Sion Sono,4.38 out of 5,"60,113","Comedy, Drama, Romance, Action"
Scenes from a Marriage,1974,"Gunnel Lindblom, Wenche Foss, Jan Malmsjö, Liv Ullmann, Erland Josephson",Ingmar Bergman,4.38 out of 5,"45,748","Romance, Drama"
Red Beard,1965,"Yoshio Tsuchiya, Miyoko Nakamura, Kyōko Kagawa, Terumi Niki, Chishū Ryū",Akira Kurosawa,4.38 out of 5,"26,238",Drama
Satantango,1994,"Zsuzsa Fodor, Rita Deák Varga, György Barkó, Erika Bók, Péter Dobai",Béla Tarr,4.37 out of 5,"31,195",Drama
It's Such a Beautiful Day,2012,"Don Hertzfeldt, Sara Cushman",Don Hertzfeldt,4.37 out of 5,"101,628","Comedy, Animation"
Rear Window,1954,"Raymond Burr, Robert Sherman, Gig Young, Marla English, Charles Harvey",Alfred Hitchcock,4.37 out of 5,"616,309","Mystery, Thriller"
Life Is Beautiful,1997,"Hannes Hellmann, Wolfgang Hillinger, Francesca Messinese, Andrea Nardi, Nicoletta Braschi",Roberto Benigni,4.37 out of 5,"502,743","Comedy, Drama"
A Separation,2011,"Shahab Hosseini, Shirin Yazdanbakhsh, Armine Zeytounchian, Mohammad Sajadian, Babak Karimi",Asghar Farhadi,4.37 out of 5,"143,181",Drama
Where Is the Friend's House?,1987,"Mohammad Reza Parvaneh, Mohamed Hocine Rouhi, Mohammad Reza Nematzadeh, Farahanka Brothers, Hager Faraz Poor",Abbas Kiarostami,4.37 out of 5,"95,377","Family, Drama"
One Flew Over the Cuckoo's Nest,1975,"Peter Brocco, Delos V. Smith Jr., Danny DeVito, Christopher Lloyd, Mwako Cumbuka",Miloš Forman,4.36 out of 5,"713,173",Drama
Paper Moon,1973,"James N. Harrell, Lila Waters, Ryan O'Neal, Eleanor Bogart, Art Ellison",Peter Bogdanovich,4.36 out of 5,"79,546","Drama, Crime, Comedy"
The Thing,1982,"Peter Maloney, Norbert Weisser, William Zeman, T.K. Carter, Thomas G. Waites",John Carpenter,4.35 out of 5,"895,060","Mystery, Science Fiction, Horror"
Landscape in the Mist,1988,"Gerasimos Skiadaresis, Michalis Zeke, Christoforos Nezer, Tania Palaiologou, Toula Stathopoulou",Theo Angelopoulos,4.35 out of 5,"26,090",Drama
All About Eve,1950,"Jack Deery, Robert Whitney, Jack Chefe, Leland Harris, Randy Stuart",Joseph L. Mankiewicz,4.35 out of 5,"111,050",Drama
An Elephant Sitting Still,2018,"3502 tenant, Zhang Yu, Xiangrong Dong, Zhaoyan Guozhang, Peng Yuchang",Hu Bo,4.35 out of 5,"31,630",Drama
Army of Shadows,1969,"Denis Sadier, Jean-Pierre Cassel, Alain Mottet, Jacques Léonard, Paul Meurisse",Jean-Pierre Melville,4.35 out of 5,"46,787","Thriller, History, War"
Inglourious Basterds,2009,"Greg Nicotero, Alex Boden, Bela B., Vitus Wieser, Alexander Fehling",Quentin Tarantino,4.35 out of 5,"2,390,207","Drama, Thriller, War"
Ordet,1955,"Hanne Agesen, Ejner Federspiel, Preben Lerdorff Rye, Kirsten Andreasen, Henrik Malberg",Carl Theodor Dreyer,4.35 out of 5,"30,075",Drama
A Man Escaped,1956,"Jacques Ertaud, Roger Planchon, François Leterrier, Jacques Oerlemans, Jean Paul Delhumeau",Robert Bresson,4.35 out of 5,"57,350","Drama, Thriller"
Apur Sansar,1959,"Dhiren Ghosh, Jogesh Chatterjee, Jiten Bhons, Asha Devi, Abhijit Chatterjee",Satyajit Ray,4.35 out of 5,"23,839",Drama
Se7en,1995,"Paul Eckstein, Rachel Flanagan, Michael Massee, Beverly Burke, Bob Stephenson",David Fincher,4.35 out of 5,"2,306,606","Crime, Mystery, Thriller"
Howl's Moving Castle,2004,"Keiko Tsukamoto, Makoto Yasumura, Hiroyuki Kamikawaji, Akihiro Miwa, Takeshi Miyajima",Hayao Miyazaki,4.34 out of 5,"1,673,084","Fantasy, Adventure, Animation"
Good Will Hunting,1997,"Ralph St. George, James Allodi, Thomas Lundy, Chris Britton, Ben Affleck",Gus Van Sant,4.34 out of 5,"1,851,295",Drama
Farewell My Concubine,1993,"Zhi Yitong, Jiang Wenli, Li Chun, Yang Yong Chao, Gong Li",Chen Kaige,4.34 out of 5,"46,397",Drama
The Wages of Fear,1953,"Jo Dest, Yves Montand, Peter van Eyck, François Valorbe, Joseph Palau-Fabre",Henri-Georges Clouzot,4.34 out of 5,"49,986","Adventure, Thriller, Drama"
Three Colours: Red,1994,"Leo Ramseyer, Paul Vermeulen, Benoît Régent, Jean Schlegel, Brigitte Raul",Krzysztof Kieślowski,4.34 out of 5,"149,326","Mystery, Drama, Romance"
City Lights,1931,"Robert Graves, Buster Brodie, Charlie Chaplin, Willie Keeler, Betty Blair",Charlie Chaplin,4.34 out of 5,"145,993","Drama, Comedy, Romance"
The Seventh Seal,1957,"Gunnel Lindblom, Siv Aleros, Inga Gill, Tor Isedal, Josef Norman",Ingmar Bergman,4.34 out of 5,"302,708","Fantasy, Drama"
The Silence of the Lambs,1991,"Brent Hinkley, Jodie Foster, Leib Lensky, Scott Glenn, John Hall",Jonathan Demme,4.34 out of 5,"2,017,199","Horror, Crime, Thriller, Drama"
Singin' in the Rain,1952,"Carl Milletaire, Madge Blake, Lyle Clark, Pat Walker, Sue Allen","Gene Kelly, Stanley Donen",4.34 out of 5,"458,416","Romance, Comedy"
Late Spring,1949,"Mikuma Shimada, Shinichiro Takayama, Kinzo Hasegawa, Tadaichi Aoki, Ichiro Kitamura",Yasujirō Ozu,4.33 out of 5,"52,252",Drama
Wild Strawberries,1957,"Gunnel Lindblom, Helge Wulff, Josef Norman, Harry Asklund, Gunnar Björnstrand",Ingmar Bergman,4.33 out of 5,"139,013",Drama
How to Make Millions Before Grandma Dies,2024,"Tawee Sarochwiksit, Jindarat Saetae, Nazznaphazz Tavanukulkit, Visart Liyawarakhun, Wattana Subpakit",Pat Boonnitipat,4.34 out of 5,"106,370",Drama
Amadeus,1984,"Vojtěch Nalezenec, Lubomír Havlák, Anne Howells, Christine Ebersole, Jiří Krytinář",Miloš Forman,4.33 out of 5,"370,388","History, Drama, Music"
All That Jazz,1979,"Leah Ayres, Harry Agress, Joanna Merlin, Wayne Carson, Ben Masters",Bob Fosse,4.33 out of 5,"94,521","Music, Drama"
Mirror,1975,"Mariya Tarkovskaya-Vishnyakova, Alla Demidova, Dionisio García Zapico, Arseny Tarkovsky, Teresa Del Bosque",Andrei Tarkovsky,4.33 out of 5,"142,007","History, Drama"
Before Sunset,2004,"Denis Evrard, Albert Delpy, Vernon Dobtcheff, Julie Delpy, Mariane Plasteig",Richard Linklater,4.33 out of 5,"619,781","Drama, Romance"
Still Walking,2008,"Susumu Terajima, Shohei Tanaka, Kirin Kiki, Hiroshi Abe, YOU",Hirokazu Kore-eda,4.33 out of 5,"48,916","Drama, Family"
I'm Still Here,2024,"Luiza Kosovski, Mônica Braga, Maeve Jinkings, Thelmo Fernandes, Hugo Camizão",Walter Salles,4.33 out of 5,"567,523","Drama, History"
Z,1969,"Georges Géret, Habib Reda, Maurice Baquet, Gabriel Jabbour, Magali Noël",Costa-Gavras,4.33 out of 5,"38,168","Thriller, Crime, Drama"
No Country for Old Men,2007,"Tommy Lee Jones, Dorsey Ray, Rachel Manera, Myk Watford, Albert Fry Jr.","Ethan Coen, Joel Coen",4.32 out of 5,"1,449,992","Crime, Thriller, Drama"
Brief Encounter,1945,"George V. Sheldon, Trevor Howard, Irene Handl, Nuna Davey, Marjorie Mars",David Lean,4.32 out of 5,"82,010","Romance, Drama"
To Be or Not to Be,1942,"Felix Bressart, Buster Brodie, Jack Deery, Russ Powell, Maude Eburne",Ernst Lubitsch,4.32 out of 5,"53,151","Comedy, War, Romance"
Central Station,1998,"Caio Junqueira, Vinícius de Oliveira, Maria Menezes, Harildo Déda, Stela Freitas",Walter Salles,4.32 out of 5,"159,614",Drama
The Great Dictator,1940,"Carter DeHaven, Herschel Graham, Don Brodie, Charlie Chaplin, Harry Semels",Charlie Chaplin,4.32 out of 5,"146,745","War, Comedy"
Before Sunrise,1995,"Liese Lyon, Bilge Jeschim, Otto Reiter, Tex Rubinowitz, Andrea Eckert",Richard Linklater,4.32 out of 5,"981,126","Romance, Drama"
The Departed,2006,"James Badge Dale, Amanda Lynch, John Farrer, Richard Hughes, Vera Farmiga",Martin Scorsese,4.32 out of 5,"1,099,965","Crime, Thriller, Drama"
The Young Girls of Rochefort,1967,"Patrick Jeantet, Leo Guerard, Alix Kirsta, Donald Burke, Véronique Duval",Jacques Demy,4.32 out of 5,"84,408","Romance, Comedy, Drama"
Monster,2023,"Kayo Noro, Hinata Hiiragi, Shido Nakamura, Mitsuki Takahata, Daisuke Kuroda",Hirokazu Kore-eda,4.32 out of 5,"288,946","Thriller, Mystery, Drama"
Taste of Cherry,1997,"Homayoun Ershadi, Safar Ali Moradi, Mir Hossein Noori, Abdolrahman Bagheri, Elham Imani",Abbas Kiarostami,4.32 out of 5,"138,780",Drama
Psycho,1960,"Frank Killmond, Virginia Gregg, Lurene Tuttle, Martin Balsam, Patricia Hitchcock",Alfred Hitchcock,4.32 out of 5,"1,006,613","Mystery, Thriller, Horror"
Funeral Parade of Roses,1969,"Emiko Azuma, Yoshio Tsuchiya, Toyosaburo Uchiyama, Masato Hara, Koichi Nakamura",Toshio Matsumoto,4.32 out of 5,"54,742",Drama
Raise the Red Lantern,1991,"Kong Lin, He Saifei, Ma Jingwu, Jin Shuyuan, Cao Zengyin",Zhang Yimou,4.32 out of 5,"40,754",Drama
Mommy,2014,"Antoine Olivier Pilon, Dominic Desnoyers, Pierre-Yves Cardinal, Reda Guerinik, Huguette Gervais",Xavier Dolan,4.31 out of 5,"215,027",Drama
Tampopo,1985,"Rikiya Yasuoka, Mario Abe, Ei Takami, Yoshihei Saga, Toshiya Fujita",Jūzō Itami,4.31 out of 5,"112,356",Comedy
The 400 Blows,1959,"Michel Lesignor, Philippe de Broca, Gérard Van Ruymbeke, François Truffaut, François Nocher",François Truffaut,4.31 out of 5,"220,869",Drama
Dog Day Afternoon,1975,"Lynette Sheldon, Dick Anthony Williams, Todd Everett, Judith Malina, Chris Sarandon",Sidney Lumet,4.31 out of 5,"347,495","Crime, Drama, Thriller"
Pather Panchali,1955,"Harimohan Nag, Subir Banerjee, Roma Ganguli, Uma Das Gupta, Binoy Mukherjee",Satyajit Ray,4.31 out of 5,"52,362",Drama
Wings of Desire,1987,"Bruno Rosaz, Franky, Harry Howard, Nick Cave, Denis Rodriguez",Wim Wenders,4.31 out of 5,"140,784","Drama, Romance, Fantasy"
A Special Day,1977,"Maurizio Di Paolantonio, Galeazzo Ciano, Françoise Berd, John Vernon, Sophia Loren",Ettore Scola,4.31 out of 5,"31,659","Romance, Drama"
Werckmeister Harmonies,2000,"Mátyás Dráfi, György Barkó, Józsi Mihályfi, Sandor Bese, Béla Máriáss",Béla Tarr,4.31 out of 5,"32,909",Drama
Das Boot,1981,"Wilhelm Pietsch, Ralf Richter, Oliver Stritzel, Norbert Gronwald, Jan Fedder",Wolfgang Petersen,4.31 out of 5,"83,098","Drama, War, History"
M,1931,"Gerhard Bienert, Inge Landgut, Rosa Valetti, Hadrian Maria Netto, Rudolf Blümner",Fritz Lang,4.31 out of 5,"170,278","Thriller, Drama, Crime"
Dead Poets Society,1989,"Craig Johnson, Welker White, Richard Stites, Debra Mooney, Charles Lord",Peter Weir,4.31 out of 5,"1,871,433",Drama
Prisoners,2013,"Erin Gerasimovich, Robert Mello, Jake Gyllenhaal, Jeff Pope, Victoria Staley",Denis Villeneuve,4.31 out of 5,"1,488,132","Thriller, Crime, Drama"
Rocco and His Brothers,1960,"Roger Hanin, Claudia Mori, Rocco Mazzola, Alain Delon, Max Cartier",Luchino Visconti,4.31 out of 5,"33,622","Romance, Drama"
Yojimbo,1961,"Seizaburō Kawazu, Yoshio Tsuchiya, Akio Kusama, Jun'ichirō Mukai, Isuzu Yamada",Akira Kurosawa,4.30 out of 5,"137,917","Thriller, Drama"
Dr. Strangelove or: How I Learned to Stop Worrying and Love the Bomb,1964,"Glenn Beck, Gordon Tanner, Paul Tamarin, Sterling Hayden, George C. Scott",Stanley Kubrick,4.30 out of 5,"481,771","Comedy, War"
Judgment at Nuremberg,1961,"Richard Widmark, John Wengraf, William Shatner, Shep Houghton, Norbert Schiller",Stanley Kramer,4.30 out of 5,"33,279","Drama, History"
Shoplifters,2018,"Yōko Moriguchi, Akira Emoto, Haruna Hori, Chizuru Ikewaki, Kairi Jo",Hirokazu Kore-eda,4.30 out of 5,"246,113","Drama, Thriller, Crime"
The Celebration,1998,"Gulli Sejrsen, Dorte Olofsen, Ulrich Thomsen, Mikkel Jacobsen, Lene Laub Oksen",Thomas Vinterberg,4.30 out of 5,"105,654",Drama
Children of Men,2006,"Phaldut Sharma, Yolanda Vazquez, Ernesto Tomasini, Peter Mullan, Gary Hoptrough",Alfonso Cuarón,4.30 out of 5,"586,822","Action, Drama, Science Fiction, Thriller"
Bicycle Thieves,1948,"Nando Bruno, Peppino Spadaro, Fausto Guerzoni, Emma Druetti, Sergio Leone",Vittorio De Sica,4.30 out of 5,"214,161",Drama
Django Unchained,2012,"Ted Neeley, Craig Stark, Escalante Lundy, Ryan Happy, Jamal Duff",Quentin Tarantino,4.30 out of 5,"2,246,636","Drama, Western"
The Sacrifice,1986,"Per Källman, Tommy Nordahl, Tommy Kjellqvist, Erland Josephson, Valérie Mairesse",Andrei Tarkovsky,4.30 out of 5,"72,294",Drama
Chinatown,1974,"Faye Dunaway, Roy Roberts, Federico Roberto, Perry Lopez, Bob Golden",Roman Polanski,4.30 out of 5,"378,517","Thriller, Mystery, Crime, Drama"
Perfect Days,2023,"Yasushi Okuwa, Atsushi Fukazawa, Makiko Okamoto, Tateto Serizawa, Isao Matsui",Wim Wenders,4.29 out of 5,"541,949",Drama
8½,1963,"Giuditta Rissone, Jean Rougeul, Georgia Simmons, Marcello Mastroianni, Hazel Rogers",Federico Fellini,4.29 out of 5,"199,726",Drama
The Treasure of the Sierra Madre,1948,"Martín Garralaga, Margarito Luna, Valdespino, Humphrey Bogart, Ernesto Escoto",John Huston,4.29 out of 5,"71,935","Drama, Western, Adventure"
The Father,2020,"Olivia Williams, Mark Gatiss, Anthony Hopkins, Roman Zeller, Imogen Poots",Florian Zeller,4.29 out of 5,"354,677",Drama
Chungking Express,1994,"Leung San, Faye Wong, Takeshi Kaneshiro, Piggy Chan Kam-Chuen, Lynne Langdon",Wong Kar-wai,4.29 out of 5,"534,119","Comedy, Drama, Romance"
Underground,1995,"Anja Popović, Slavko Štimac, Borivoje Todorović, Petar Kralj, Lazar Ristovski",Emir Kusturica,4.29 out of 5,"30,949","Comedy, Drama, War"
Terminator 2: Judgment Day,1991,"Mic Rodgers, Jennifer Jacono, J. Rob Jordan, Martin DeLuca, Lisa Brinegar",James Cameron,4.29 out of 5,"708,985","Thriller, Action, Science Fiction"
La Notte,1961,"Monica Vitti, Rosy Mazzacurati, Maria Pia Luzi, Vittorio Bertolini, Umberto Eco",Michelangelo Antonioni,4.29 out of 5,"60,254","Drama, Romance"
Swing Girls,2004,"Jiro Sato, Masashi Mikami, Yoshiyuki Morishita, Yoji Tanaka, Seiji Fukushi",Shinobu Yaguchi,4.29 out of 5,"28,438","Comedy, Music"
Fantastic Mr. Fox,2009,"Helen McCrory, Tristan Oliver, Jennifer Furches, Rob Hersov, Garth Jennings",Wes Anderson,4.29 out of 5,"1,842,824","Family, Adventure, Comedy, Animation"
The Lives of Others,2006,"Michael Gerber, Gabi Fleming, Martina Gedeck, Klaus Münster, Ulrich Mühe",Florian Henckel von Donnersmarck,4.28 out of 5,"153,068","Drama, Thriller"
The Hunt,2012,"Thomas Ravn, Jakob Højlev Jørgensen, Øyvind Hagen-Traberg, Daniel Engstrup, Mads Mikkelsen",Thomas Vinterberg,4.28 out of 5,"402,910",Drama
Sing Sing,2023,"Brent Buell, Clarence Maclin, Katherine Vockins, Camillo ""Carmine"" LoVacco, Patrick ""Preme"" Griffin",Greg Kwedar,4.28 out of 5,"212,653",Drama
Heat,1995,"Andrew Camuccio, Bill McIntosh, Danny Trejo, Mary Kircher, Henry Rollins",Michael Mann,4.28 out of 5,"709,266","Crime, Action, Drama"
Opening Night,1977,"Sharon Van Ivan, Katherine Cassavetes, Naomi Stevens, John Tuell, David Rowlands",John Cassavetes,4.28 out of 5,"46,090",Drama
Akira,1988,"Koichi Kitamura, Hiroshi Ôtake, Mizuho Suzuki, Tarō Ishida, Fukue Itô",Katsuhiro Otomo,4.28 out of 5,"603,024","Animation, Action, Science Fiction"
Nostalgia,1983,"Laura De Marchi, Livio Galassi, Erland Josephson, Piero Vida, Raffaele Di Mario",Andrei Tarkovsky,4.28 out of 5,"63,211","Drama, Romance"
2001: A Space Odyssey,1968,"Péter Delmár, Gary Lockwood, Harry Fielder, Glenn Beck, Keith Denny",Stanley Kubrick,4.28 out of 5,"1,081,941","Adventure, Mystery, Science Fiction"
Everything Everywhere All at Once,2022,"Dan Brown, Jamie Lee Curtis, Sunita Mani, Boon Pin Koh, Cara Marie Chooljian","Daniel Scheinert, Daniel Kwan",4.28 out of 5,"3,028,739","Science Fiction, Adventure, Comedy, Action"
Children of Paradise,1945,"Jean-Louis Barrault, Pierre Renoir, Jean Lanier, Lucien Walter, Albert Broquin",Marcel Carné,4.28 out of 5,"20,656","Drama, Romance"
La Dolce Vita,1960,"Renée Longarini, Vittorio Manfrino, Ignazio Balsamo, Marta Melocco, Aurelio Nardi",Federico Fellini,4.27 out of 5,"119,644","Drama, Comedy"
Evangelion: 3.0+1.0 Thrice Upon a Time,2021,"Kotono Mitsuishi, Koki Uchiyama, Junko Iwao, Megumi Hayashibara, Mariya Ise","Hideaki Anno, Katsuichi Nakayama, Kazuya Tsurumaki, Mahiro Maeda",4.27 out of 5,"99,554","Drama, Science Fiction, Action, Animation"
Throne of Blood,1957,"Akira Kubo, Yoshio Tsuchiya, Isuzu Yamada, Gen Shimizu, Akira Tani",Akira Kurosawa,4.27 out of 5,"91,960","History, Drama"
Casablanca,1942,"Joy Page, Henry Rowland, Leo White, Humphrey Bogart, Arthur Dulac",Michael Curtiz,4.27 out of 5,"582,266","Drama, Romance"
The Cremator,1969,"Helena Kotoučová, Zdeněk Šmidrkal, Eva Ulincová, Radomír Hubáček, Jan Řeřicha",Juraj Herz,4.27 out of 5,"37,135","Horror, Drama, Comedy"
The Man Who Shot Liberty Valance,1962,"Charles Seel, John Barton, Dorothy Phillips, Jack Tornek, Tom Hennesy",John Ford,4.27 out of 5,"73,365",Western
Fight Club,1999,"Rob Lanza, Phil Hawn, David Andrews, Christina Cabot, Edward Norton",David Fincher,4.27 out of 5,"3,596,249",Drama
The Elephant Man,1980,"Dave Cooper, Ian Selby, Marcus Powell, Kathleen Byron, Patricia Hodge",David Lynch,4.27 out of 5,"294,308","History, Drama"
Secrets & Lies,1996,"Clare Perkins, Hannah Davis, Margery Withers, Phyllis Logan, Keylee Jade Flanders",Mike Leigh,4.27 out of 5,"49,648",Drama
Dersu Uzala,1975,"Daniil Netrebin, B. Khorulev, Serafim Zaytsev, Mikhail Bychkov, Vladimir Prikhodko",Akira Kurosawa,4.27 out of 5,"31,599","Drama, Adventure, Action"
Samurai Rebellion,1967,"Isao Yamagata, Jun Hamamura, Yoshirō Aoki, Hideo Fukuhara, Toshirō Mifune",Masaki Kobayashi,4.27 out of 5,"18,000","Drama, Action, History"
Modern Times,1936,"Murdock MacQuarrie, Charlie Chaplin, Russ Powell, Hank Mann, Henry Bergman",Charlie Chaplin,4.27 out of 5,"213,153","Comedy, Drama, Romance"
Look Back,2024,"Yoichiro Saito, Minori Takanami, Kota Oka, Daisuke Takahashi, Takeshi Miyajima",Kiyotaka Oshiyama,4.27 out of 5,"251,057","Drama, Animation"
"Jeanne Dielman, 23, quai du Commerce, 1080 Bruxelles",1975,"Chantal Akerman, Delphine Seyrig, Henri Storck, Jacques Doniol-Valcroze, Jan Decorte",Chantal Akerman,4.26 out of 5,"74,632",Drama
Ace in the Hole,1951,"Kirk Douglas, Frances Dominguez, Lester Dorr, Robert Arthur, Edith Evanson",Billy Wilder,4.26 out of 5,"49,323",Drama
The Night of the Hunter,1955,"Michael Chapin, Evelyn Varden, Don Beddoe, James Gleason, Alexander Campbell",Charles Laughton,4.26 out of 5,"171,031","Drama, Crime, Thriller"
Network,1976,"Faye Dunaway, Carolyn Krigbaum, Peter Finch, Darryl Hickman, Beatrice Straight",Sidney Lumet,4.26 out of 5,"165,350",Drama
"Life, and Nothing More…",1992,"Mohamed Hocine Rouhi, Bahrovz Aydini, Mohammad Reza Parvaneh, Mahrem Feydi, Leila Nourouzi",Abbas Kiarostami,4.26 out of 5,"30,137",Drama
Double Indemnity,1944,"Fred MacMurray, Oscar Smith, Douglas Spencer, Byron Barr, Sam McDaniel",Billy Wilder,4.26 out of 5,"170,159","Crime, Thriller"
Who's Afraid of Virginia Woolf?,1966,"Frank Flanagan, George Segal, Richard Burton, Elizabeth Taylor, Agnes Flanagan",Mike Nichols,4.26 out of 5,"73,620",Drama
The Iron Giant,1999,"Robert Clotworthy, Paul Eiding, Charles Howerton, Ryan O'Donohue, Vin Diesel",Brad Bird,4.26 out of 5,"501,704","Science Fiction, Animation, Family, Adventure"
Alien,1979,"Tom Skerritt, Yaphet Kotto, Veronica Cartwright, Helen Horton, Ian Holm",Ridley Scott,4.26 out of 5,"1,387,555","Horror, Science Fiction"
Ugetsu,1953,"Eitarō Ozawa, Hachiro Okuni, Sô Funagami, Masayoshi Kikuno, Eiji Ishikura",Kenji Mizoguchi,4.26 out of 5,"50,844","Fantasy, Drama, Mystery"
Some Like It Hot,1959,"Tiger Joe Marsh, Marian Collier, Jack Perry, Colleen O'Sullivan, Tito Vuolo",Billy Wilder,4.26 out of 5,"269,127","Romance, Crime, Comedy"
Cure,1997,"Shôgo Suzuki, Masahiro Toda, Yukijiro Hotaru, Koji Yakusho, Ren Osugi",Kiyoshi Kurosawa,4.26 out of 5,"202,919","Crime, Mystery, Thriller, Horror"
Mulholland Drive,2001,"Missy Crider, Christian Thompson, Bonnie Aarons, Geno Silva, Michael Fairman",David Lynch,4.26 out of 5,"829,900","Mystery, Drama, Thriller"
Twin Peaks: Fire Walk with Me,1992,"Karin Robison, John Hoobler, David Brisbin, C.H. Evans, Gary Hershberger",David Lynch,4.26 out of 5,"289,541","Mystery, Drama, Horror"
Rififi,1955,"Robert Hossein, Marie Sabouret, Fernand Sardou, Claude Sylvain, Daniel Mendaille",Jules Dassin,4.26 out of 5,"37,940","Crime, Drama, Thriller"
Pulp Fiction,1994,"Frank Whaley, Peter Greene, Angela Jones, Emil Sitka, Sy Sher",Quentin Tarantino,4.26 out of 5,"2,980,048","Crime, Thriller"
Metropolis,1927,"Gustav Fröhlich, Erwin Biswanger, Helen von Münchofen, Fritz Rasp, Rudolf Klein-Rogge",Fritz Lang,4.25 out of 5,"203,395","Drama, Science Fiction"
Mary and Max,2009,"Philip Seymour Hoffman, Eric Bana, Toni Collette, Patrick McCabe, Bill Murphy",Adam Elliot,4.25 out of 5,"141,933","Animation, Comedy, Drama"
The Prestige,2006,"Sean Howse, Rock Anthony, Daniel Davis, Johnny Liska, J. Paul Moore",Christopher Nolan,4.25 out of 5,"1,231,193","Science Fiction, Drama, Mystery"
The Third Man,1949,"Theodore Gottlieb, Geoffrey Keen, Trevor Howard, Alexis Chesnakov, Annie Rosar",Carol Reed,4.25 out of 5,"153,092","Mystery, Thriller"
The Tale of The Princess Kaguya,2013,"Yuji Miyake, Ryudo Uzaki, Kengo Kora, Nobuko Miyamoto, Aki Asakura",Isao Takahata,4.25 out of 5,"214,831","Fantasy, Animation, Drama"
A Matter of Life and Death,1946,"Laurence Payne, Raymond Massey, Edwin Max, Wendy Thompson, Wally Patch","Emeric Pressburger, Michael Powell",4.25 out of 5,"45,570","Comedy, War, Romance, Drama, Fantasy"
Ritual,2000,"Shinobu Ôtake, Jun Murakami, Megumi Hayashibara, Suzuki Matsuo, Shunji Iwai",Hideaki Anno,4.25 out of 5,"26,653","Drama, Romance"
The Green Mile,1999,"Sam Rockwell, Phil Hawn, Van Epperson, David Morse, Katelyn Leavenworth",Frank Darabont,4.25 out of 5,"837,154","Drama, Crime, Fantasy"
Sorcerer,1977,"Jacques François, Roy Scheider, Henry Diamond, Cosmo 'Gus' Allegretti, Nick Discenza",William Friedkin,4.25 out of 5,"99,279","Drama, Thriller, Adventure"
Winter Light,1963,"Gunnel Lindblom, Max von Sydow, Eddie Axberg, Lars-Owe Carlberg, Ingmari Hjort",Ingmar Bergman,4.25 out of 5,"58,877",Drama
Malcolm X,1992,"Cleave Guyton Jr., George Guidall, Douglas Purviance, Steve White, Lauren Padick",Spike Lee,4.25 out of 5,"136,429","History, Drama"
Umberto D.,1952,"Maria Pia Casilio, De Silva, Lina Gennari, Elena Rea, Napoleone the Dog",Vittorio De Sica,4.25 out of 5,"39,803",Drama
Sweet Smell of Success,1957,"Jeff Donnell, Sam Levene, Barbara Nichols, Lewis Charles, Joe Frisco",Alexander Mackendrick,4.24 out of 5,"53,220",Drama
Eternal Sunshine of the Spotless Mind,2004,"Amir Ali Said, Ryan Whitney, Elijah Wood, Lauren Adler, Jane Adams",Michel Gondry,4.24 out of 5,"2,419,133","Science Fiction, Romance, Drama"
Aparajito,1956,"Kamala Adhikari, Kali Bannerjee, Ramani Sengupta, Ajay Mitra, Hemanta Chatterjee",Satyajit Ray,4.24 out of 5,"24,513",Drama
Saving Private Ryan,1998,"Jeremy Davies, David Wohl, Kathleen Byron, Ryan Hurst, Sam Ellis",Steven Spielberg,4.24 out of 5,"1,042,144","History, Drama, War"
The Grand Budapest Hotel,2014,"Jella Niemann, Bob Balaban, Lennart Meyer, Robert Bienas, Sister Anna Rademacher",Wes Anderson,4.24 out of 5,"2,219,663","Drama, Comedy"
Marcel the Shell with Shoes On,2021,"Sam Painter, Dean Fleischer Camp, Blake Hottle, Jeremy Evans, Shari Finkelstein",Dean Fleischer Camp,4.24 out of 5,"315,351","Animation, Drama, Comedy, Family"
The First Slam Dunk,2022,"Masafumi Kobatake, Chado Horii, Kenta Miyake, Chikahiro Kobayashi, Ryota Iwasaki",Takehiko Inoue,4.24 out of 5,"51,298","Animation, Drama, Comedy"
The Bridge on the River Kwai,1957,"Kannikar Dowklee, Vilaiwan Seeboonreaung, Ngamta Suphaphongs, Tsai Chin, James Donald",David Lean,4.24 out of 5,"92,993","War, History, Drama"
Napoleon,1927,"Roblin, Gina Manès, Pierre Danis, Florence Talma, Roger Blum",Abel Gance,4.24 out of 5,"17,141","Drama, History, War"
The King of Comedy,1982,"Marta Heflin, Thomas M. Tolan, Michael F. Stodden, William Jorgensen, Ralph Monaco",Martin Scorsese,4.24 out of 5,"323,045","Comedy, Drama"
The Holdovers,2023,"Michael Malvesti, Kevin Fennessy, Pamela Jayne Morgan, Davis Robinson, Osmani Rodriguez",Alexander Payne,4.24 out of 5,"1,167,159","Comedy, Drama"
Anatomy of a Murder,1959,"Chuck Ramsay, Joseph N. Welch, Lloyd Le Vasseur, George C. Scott, James Waters",Otto Preminger,4.24 out of 5,"70,921","Crime, Drama, Mystery"
We All Loved Each Other So Much,1974,"Amedeo Fabrizi, Olga De Marco, Luciano Bonanni, Stefano Satta Flores, Isa Barzizza",Ettore Scola,4.24 out of 5,"18,260","Drama, Comedy"
Raging Bull,1980,"John Arceri, Marty Denkin, Silvio García Jr., Maryjane Lauria, Geraldine Smith",Martin Scorsese,4.24 out of 5,"428,085",Drama
"4 Months, 3 Weeks and 2 Days",2007,"Vlad Ivanov, Ion Sapdaru, Adi Cărăuleanu, Cristina Burbuz, Mărioara Sterian",Cristian Mungiu,4.24 out of 5,"48,951",Drama
The Face of Another,1966,"Robert Dunham, Miki Irie, Bibari Maeda, Yoshie Minami, Eiko Muramatsu",Hiroshi Teshigahara,4.24 out of 5,"41,810","Science Fiction, Drama"
Solaris,1972,"Tatyana Malykh, Vitalik Kerdimun, Yulian Semyonov, Aleksandr Misharin, Nikolay Grinko",Andrei Tarkovsky,4.23 out of 5,"162,083","Mystery, Science Fiction, Drama"
Interstella 5555: The 5tory of the 5ecret 5tar 5ystem,2003,"Thomas Bangalter, Todd Edwards, Romanthony, Guy-Manuel de Homem-Christo, DJ Sneak","Daisuke Nishio, Leiji Matsumoto, Hirotoshi Rissen, Kazuhisa Takenouchi",4.24 out of 5,"58,654","Adventure, Science Fiction, Animation, Music"
Kes,1969,"Desmond Guthrie, Bernard Atha, Joey Kaye, Bill Dean, Joe Miller",Ken Loach,4.23 out of 5,"40,955",Drama
Song of the Sea,2014,"Fionnula Flanagan, Will Collins, Lisa Hannigan, Pat Shortt, Brendan Gleeson",Tomm Moore,4.23 out of 5,"103,061","Fantasy, Animation, Family"
Il Sorpasso,1962,"Franca Polesello, Jacques Stany, John Francis Lane, Catherine Spaak, Bruna Simionato",Dino Risi,4.24 out of 5,"27,457","Comedy, Drama"
Vertigo,1958,"John Benson, Raymond Bailey, Konstantin Shayne, Tom Helmore, Barbara Bel Geddes",Alfred Hitchcock,4.23 out of 5,"605,420","Romance, Thriller, Mystery"
Le Samouraï,1967,"Catherine Jourdan, Alain Delon, Carl Lechner, Jacques Léonard, Ari Aricardi",Jean-Pierre Melville,4.23 out of 5,"157,293","Crime, Drama, Thriller"
Puella Magi Madoka Magica the Movie Part III: Rebellion,2013,"Seiko Yoshida, Chiwa Saito, Marina Miyamoto, Junko Iwao, Kaori Mizuhashi",Yukihiro Miyamoto,4.23 out of 5,"20,915","Mystery, Animation, Fantasy"
The Shining,1980,"Anne Jackson, Alan Harris, Billie Gibson, Norman Gay, Philip Stone",Stanley Kubrick,4.23 out of 5,"2,250,415","Horror, Thriller"
The Best Years of Our Lives,1946,"Marlene Aames, Ethelreda Leopold, Ray Collins, William Newell, Roman Bohnen",William Wyler,4.23 out of 5,"38,880","Drama, Romance, War"
The Life and Death of Colonel Blimp,1943,"Spencer Trevor, Reginald Tate, Vincent Holman, Roland Culver, Ursula Jeans","Emeric Pressburger, Michael Powell",4.23 out of 5,"23,035","War, Drama, Romance, Comedy"
Tokyo Godfathers,2003,"Chiyako Shibahara, Yusaku Yara, Satomi Korogi, Tohru Emori, Aya Okamoto",Satoshi Kon,4.23 out of 5,"181,626","Drama, Comedy, Animation"
The Disappearance of Haruhi Suzumiya,2010,"Daisuke Ono, Yuki Matsuoka, Tomokazu Sugita, Natsuko Kuwatani, Yuko Goto","Yasuhiro Takemoto, Tatsuya Ishihara",4.23 out of 5,"15,874","Comedy, Animation, Science Fiction, Mystery, Drama"
Kwaidan,1964,"Kenjirō Ishiyama, Yoichi Hayashi, Yōsuke Kondō, Kirô Abe, Noriko Mikura",Masaki Kobayashi,4.23 out of 5,"45,582","Fantasy, Horror, Drama"
Millennium Actress,2001,"Masane Tsukayama, Masaya Onosaka, Shozo Iizuka, Fumiko Orikasa, Tomie Kataoka",Satoshi Kon,4.23 out of 5,"110,873","Romance, Animation, Drama, Fantasy"
An Autumn Afternoon,1962,"Ryuji Kita, Matsuko Shiga, Shinichirō Mikami, Fujio Suga, Chishū Ryū",Yasujirō Ozu,4.23 out of 5,"27,300",Drama
Azur & Asmar: The Princes' Quest,2006,"Karim M'Ribah, Olivier Claverie, Sofia Boutella, Thissa d'Avila Bensalah, Hiam Abbass",Michel Ocelot,4.23 out of 5,"35,157","Family, Animation"
Make Way for Tomorrow,1937,"John Preston, Jay Eaton, Alice Keating, Don Brodie, Dennis O'Keefe",Leo McCarey,4.23 out of 5,"17,881","Romance, Drama"
Amour,2012,"Rita Blanco, Jean-Michel Monroc, Isabelle Huppert, Alexandre Tharaud, Ramon Agirre",Michael Haneke,4.23 out of 5,"120,446","Drama, Romance"
